,DATAafter cleaning,Sentimental  Analysis
0,found,neutral
1,describ method statist model base maximum entri present maximumlikelihood automat construct maximum entri model describ implement effici use exampl sever problem,positive
2,seal condit random field term condit term condit work deposit miner access retain,neutral
3,address issu cooper linguist gener linguist translat mt particular focu one direct cooper name linguist virtual,neutral
4,descript logic use incom base syntact semant traumat element need drive semant interpret gener process recent descript logic,negative
5,propo unifi neutral network architectur algorithm appli variou includ partofspeech lag think name entiti recognit semant role labor versatil achiev tri avoid task,neutral
6,subject consid broad narrow sen broad sen cover issu level understand includ speech recognit syntact semant sentenc,positive
7,root interact human facetofac use need respon way human propo psychologicallyinspir root perform increment semant interpret spoken utter,positive
8,languag languag spoken human current yet point languag unprocess form understood comput collect employ tri accomplish goal field,neutral
9,ambigu refer abil one mean understood one way languag ambigu comput abl understand way peopl do concern develop,neutral
10,introduct statist snap field lie interv snap die tradit instead linguist mental construct model given linguist,neutral
11,directli rather eg titl abstract suggest appropri approach thi focu role also comment possibl connect data retriev conclud empha import,neutral
12,way commun word help understand world get better insight world help speaker vagu preci like stand languag languag spoken,neutral
13,report experi standard tool music lyric signif amount music audit lyric lyric incom import part semant song therefor complement caustic cultur,neutral
14,describ simpl relea automat linguist shown number captur clearer direct fashion without compromi perform present detail case studi method appli part speech lag,positive
15,focu connect model briefli present discus sever aspect high level recent approach connect either loyalist parallel distribut model sever architectur,neutral
16,process understand new base determinist chronic behavior dynam 1,positive
17,see thank 86 theoret pas 86 leav wen 86 brief discus program built around principl goal simpli point interest u natur ind inevit,neutral
18,object provid overview tutor modern design target audienc tutor target medic inform gener limit acquaint principl behind ardor limit current state,negative
19,briefli describ current implement statu intellig retriev mari employ descript nation use idea tini photograph imag concern variou militari project nation pas,negative
20,base literatur resourc describ agent direct extract journal articl interfac develop permit durat result deposit accept result base motiv advent high,positive
21,evalu speech part 2 survey signif evalu work done far instanc translat discus particular problem genet evalu conclu evalu strateg need much develop particular,negative
22,similar way human intuit order elimin noisi content describ html do automat extract main articl associ imag web page,positive
23,theoret motiv rang comput analyz repr natur occur text one level linguist purpo achiev humanlik rang,neutral
24,review process involv demonstr variou kind choic need taken execut word morpholog syntact gener compon compar time complex,neutral
25,articl focu larg lesion describ develop dictionari support environ link restructur version bondman dictionari english process,neutral
26,introduc method analyz complex predict difficulti new complex measur deriv kolmogorov complex class automat — mean automat whose purpo extract relev piec,neutral
27,sound motion develop deep alreadi impact process review recent deep recent develop 1,positive
28,authorproduc version publish,positive
29,abstract—natur applic automat pas analyz standard requir engin includ extract ontolog requir specif verifi consist,neutral
30,statist vaselin includ forgiv natur broad coverag typic retriev task lack good weigh scheme compound index term implicit linguist inher statist method may import,positive
31,work comput linguist began soon develop first comput booth brandwood leav 1958 yet interven four decad eva feel progress comput understand commensur,neutral
32,voic recognit tail combin digit mathemat use much dew extract match featur improv accuraci better perform,positive
33,test requir standard accept test test often perform independ test organ unfamiliar applic area thing test go written requir,negative
34,found,neutral
35,conver also provid u creativ make associ storytel mani subtleti facetofac multiparti interact ad use humor persuad domin soften avoid face threaten act,neutral
36,found,neutral
37,recent year my use solv complex differ disciplin rang data mine,positive
38,argu manual automat thesauru altern resourc involv radic step interpret manual thesauru classif word rather word sen case made rang role thesauru within briefli present wasp thesauru introduc thesauru evalu becom urgent rang evalu strateg emb within propo,neutral
39,introduct pattern music object inten studi past year one purpo analyz music structur form discov pattern explicit implicit music work simon 13 pattern compri make alphabet compound made subpattern posse phrase structur variou form punctuat tradit compo employ pattern propag intuit algorithm composit allow pattern propag normal albeit high level composit music pattern evolv accord rule constraint speci design stage jazz improvi musician invent solo guid progress chord the chang one 1 learn improv memori pattern short chink music subprogress concatinata form whole solo to whole progress one,neutral
40,mani retrievalir retriev relev document base exact watch keyword queri document method degrad preci rate order solv problem collect pedant relat word assign semant relationship use gener thesauru special relationship call keyfact term mental addit semant automat construct statist base concept mutual keyfact extend concept eyford repr noun compound noun keyfact adject includ subject object term first retriev relev document origin queri use of if weigh formula expand queri includ keyfact use second document bank word sen disambigu made improv preci rate use keyfact network 1,neutral
41,argu questionansw a technic domain differ trecba a web a cannot benefit low datainten approach,negative
42,universitquotat de saarland,neutral
43,proceed workshop,neutral
44,unihamburgd,negative
45,found,neutral
46,found,neutral
47,sir develop new architectur integr speech naturallanguag appli linguist constraint recognit increment expand statetransit network embodi purif grammar compar dynamicgralnlnarnetwork don,neutral
48,chapter consid revolut taken place last five year begin provid brief guid structur field present caricatur two compet paradigm 1980 indic reason,neutral
49,visual develop environ support visual assembl execut nodular visual model excit data flow program graph automat synthesi data depend declar nodul graph,neutral
50,chapter basic use descript logic analyz togeth littl bit histori role descript logic current state art comput linguist point out 181 introduct sinc earli day,negative
51,appli structur model maxmargin structur mr aim captur latent relationship within output domain formul model exten multi–class support vector sum present,positive
52,nation infrastructur digit librari network servic digit confer intellig agent attent move along critic path kind novel articl mention number success,positive
53,last year number area begun appli graphba includ among other summar syntact pas word sen disambigu ontolog construct sentiment subject flutter,neutral
54,result softwar engin softwar technolog often neglect,negative
55,kernel sort increa perform sever document watch parallel compar corpus translit even imag empir show that semisupervi kernel,positive
56,structur word statist need sophist statist model basic element word phrase combin model syntact pas depend sinc basic properti element,neutral
57,describ framework develop probabilist classifi focu formul model captur import interdepend among featur avoid overfit data also charact data well class,neutral
58,mani use retriev result encourag simpl method stopword porterstyl steam etc usual yield signif improv higherlevel think pas word sen disambigu,positive
59,explain retriev use malayalam basic,neutral
60,state art plan recognit outlin relat processingnlp plan recognit argu effect inform other focu key recent result argu applic or 1,neutral
61,state art plan recognit outlin relat processingnlp plan recognit argu effect inform other focu key recent result argu applic or 1,neutral
62,retriev process find document document collect satisfi need user document construct motiv work investig use improv,positive
63,logic program within point opportun induct linguist within logic program keyword infect logic program logic program 1 introduct,negative
64,statist method use start definit concern design implement effect input output compon comput distinguish three,neutral
65,report collabor work field my present document structur two part first part includ superfici comprehen survey cover stateoftheart,positive
66,thesi examin variou mainli task extract text object improv adapt extract new rheumat domain or even,positive
67,chapter examin applic computerassist includ histori work field last thirtyf year focu current develop opportun 361,neutral
68,tradit approach interpret typic fall one three class syntaxdriven semanticsdriven frametask base syntaxdriven approach domainindepend grammar drive interpret process produc global pau,neutral
69,larg diver subtop artifici intellig result mani subtop includ optic charact recognit speech translat foreign read write aid translat speech recognit,neutral
70,probabilist intest string transduc fit extrem popular due power genet method appli compo them unfortun fit good fit much current work probabilist model,positive
71,special issu talk look fundament principl underli evalu adopt global point view goe beyond horizon singl evalu campaign particular protocol brief review histori terminolog,neutral
72,found,neutral
73,extract textur report shown effect limit domain particular typic requir substanti resourc develop benefici design easili,positive
74,fact form link in recent develop logic program prolong 1,negative
75,describ singl convolut neutral network architectur that given sentenc output host predict partofspeech tag chink name entiti tag semant role pedant similar word likelihood sentenc make sen grammat,neutral
76,develop prototyp retriev use advanc enhanc effect tradit eyford base document retriev backbon statist retriev engin perform automat index,neutral
77,found,neutral
78,discus sever issu requir enabl becom contextadapt given fact emerg featur speaker independ continu speech recognit restrict individu domain equip syntact,neutral
79,fall 2004 introduc new cour call appli student acquir understand current feasibl practic,positive
80,found,neutral
81,studi mathemat comput model variou aspect improv wide rang ari innat facil posse human intellect may,positive
82,branch artifici intellig includ speech synthesi speech recognit translat wide rang indian context rural indian commun unabl make,positive
83,evalu polit relat paul callaghan submit univ durham degr pad august 1997 address question how evalu like polit polit,neutral
84,previou work demonstr web count use approxim gram count suggest web frequenc use wide varieti howev limit number far test use webscal data set,negative
85,chapter examin applic computerassist includ histori work field last thirtyf year focu current develop opportun 161 introduct chapter focu,neutral
86,describ improv perform process short english narr abl acquir singl narr new scheme stereotyp set action understand process attempt,neutral
87,classifi review current approach softwar infrastructur develop deliveri task,neutral
88,confid measur practic solut improv use confid estim genet deriv confid measur give overview applic confid estim variou field,neutral
89,lesion sen sen dictionari love lesion sen sen ldbentryno 12364 lesion sen sen sen 0 load lb 9 expand fullyfledg repres transit experi integr wordspecif provid 9 end lb type stricttranssign thu although neither love lace earlier subcategori lesion contain psycholog verb sanfilippoaposs type use conjunct avail three prove possibl effect enrich time map formal repres 425 toward multilingu lb goal acquir demonstr lb produc use exploit variou mr sourc integr multilingu common ll common type make pas,neutral
90,describ design stanford cornel toolkit exten pipelin provid core toolkit quit wide use commun also among commerci govern user open sourc technolog suggest,neutral
91,russian process ga power model framework incorpor kersey bayesian infer recogni stateoftheart mani,positive
92,fundament issu prerequisit enorm quantiti preprogram concern domain examin manual acquisit tediou error prone develop automat acquisit,positive
93,support sophist significantli simplifi interfac domainspecif gener longu tic resourc present result experi design use upper model varieti past 5 year,positive
94,neighbor map node node may thu view word categori although prior class given selforgan process model word class emerg topic thesi so,neutral
95,present workbench built priberam informática develop company’ technolog workbench includ set linguist resourc softwar tool appli consid number practic purpo cover,neutral
96,abstract—natur effect bring improv educ set implement involv initi process acquisit educ base effect approach provid solut,positive
97,twenti year disfavor technolog return imit process brain experi sejnowski rosenberg 1986 demonstr neutral network comput architectur learn actual spoken observ rule pronunci,neutral
98,statist frequent use stylometri cryptographi studi statist tool develop iso prolong detail given usag 21 userc predict logic limit program also discus,neutral
99,summar experi use fragment two rather differ project conclud benefit fragment differ way sketch problem need overcom 1,positive
